run_id,campaign_id,configuration,repo,size_class,file_count,loc,repetition,pipeline_success,pipeline_time_seconds,build_time_seconds,initial_trivy_seconds,initial_semgrep_seconds,initial_gitleaks_seconds,post_trivy_seconds,post_semgrep_seconds,post_gitleaks_seconds,initial_scanner_time_seconds,post_scanner_time_seconds,total_scanner_time_seconds,remediation_time_seconds,policy_time_seconds
20260713T133321231664Z_C0_BuildOnly_controlled_api_s_r1,expanded_20260713_cached_r3,C0_BuildOnly,controlled_api_s,small,10,122,1,True,0.20197699998971075,0.19815219996962696,0.0,0.0,0.0,0.0,0.0,0.0,0.0,0.0,0.0,0.0,0.0
20260713T133321489630Z_C1_NonBlockingScanning_controlled_api_s_r1,expanded_20260713_cached_r3,C1_NonBlockingScanning,controlled_api_s,small,10,122,1,True,7.984144399990328,0.16906559997005388,1.4994302000268362,5.781090700009372,0.4812223000335507,0.0,0.0,0.0,7.761743200069759,0.0,7.761743200069759,0.0,0.0
20260713T133329523052Z_C2_AutoScanning_controlled_api_s_r1,expanded_20260713_cached_r3,C2_AutoScanning,controlled_api_s,small,10,122,1,True,7.983828000025824,0.22024140000576153,1.457256999972742,5.771627900016028,0.48260270000901073,0.0,0.0,0.0,7.711487599997781,0.0,7.711487599997781,0.0,0.0
20260713T133337566384Z_C3_PolicyOnly_controlled_api_s_r1,expanded_20260713_cached_r3,C3_PolicyOnly,controlled_api_s,small,10,122,1,False,8.557851899997331,0.20020570000633597,1.590314999979455,6.078003000002354,0.4989858000189997,0.0,0.0,0.0,8.16730380000081,0.0,8.16730380000081,0.0,0.11942149995593354
20260713T133346179524Z_C4_AgentsOnly_controlled_api_s_r1,expanded_20260713_cached_r3,C4_AgentsOnly,controlled_api_s,small,10,122,1,True,16.403757599997334,0.2958221999579109,1.420161599991843,5.6003826999804005,0.5266103000030853,1.4527235999703407,6.274947400030214,0.4077485000016168,7.547154599975329,8.135419500002172,15.6825740999775,0.31303349998779595,0.0
20260713T133402638074Z_C5_SecFlowOps_controlled_api_s_r1,expanded_20260713_cached_r3,C5_SecFlowOps,controlled_api_s,small,10,122,1,True,17.043323900026735,0.2103221999714151,1.5027183000347577,5.93641139997635,0.6133170000393875,1.4471760999877006,6.407392300025094,0.4123536999686621,8.052446700050496,8.266922099981457,16.319368800031953,0.298839199997019,0.09641070000361651
20260713T133419737122Z_C0_BuildOnly_controlled_api_m_r1,expanded_20260713_cached_r3,C0_BuildOnly,controlled_api_m,medium,28,206,1,True,0.19184200000017881,0.1887386999442242,0.0,0.0,0.0,0.0,0.0,0.0,0.0,0.0,0.0,0.0,0.0
20260713T133419998634Z_C1_NonBlockingScanning_controlled_api_m_r1,expanded_20260713_cached_r3,C1_NonBlockingScanning,controlled_api_m,medium,28,206,1,True,7.971431899990421,0.21376089996192604,1.367032999987714,5.921897899999749,0.4182872000383213,0.0,0.0,0.0,7.707218100025784,0.0,7.707218100025784,0.0,0.0
20260713T133428050965Z_C2_AutoScanning_controlled_api_m_r1,expanded_20260713_cached_r3,C2_AutoScanning,controlled_api_m,medium,28,206,1,True,8.904143300023861,0.3095846999785863,1.36382849997608,6.728080800035968,0.44969270000001416,0.0,0.0,0.0,8.541602000012062,0.0,8.541602000012062,0.0,0.0
20260713T133437027699Z_C3_PolicyOnly_controlled_api_m_r1,expanded_20260713_cached_r3,C3_PolicyOnly,controlled_api_m,medium,28,206,1,False,8.431630000006407,0.20313849998638034,1.443022299965378,6.1528295000316575,0.48030280001694337,0.0,0.0,0.0,8.076154600013979,0.0,8.076154600013979,0.0,0.08511769998585805
20260713T133445529145Z_C4_AgentsOnly_controlled_api_m_r1,expanded_20260713_cached_r3,C4_AgentsOnly,controlled_api_m,medium,28,206,1,True,16.07171509996988,0.1858434000168927,1.5057729000109248,6.202051099971868,0.41804030002094805,1.3368117000209168,5.553981100034434,0.4020776000106707,8.125864300003741,7.292870400066022,15.418734700069763,0.3670441000140272,0.0
20260713T133501674249Z_C5_SecFlowOps_controlled_api_m_r1,expanded_20260713_cached_r3,C5_SecFlowOps,controlled_api_m,medium,28,206,1,True,15.996059499972034,0.18903489998774603,1.3695116000017151,6.281333499995526,0.41205469996202737,1.3255397999892011,5.592727300012484,0.4021177999675274,8.062899799959268,7.320384899969213,15.383284699928481,0.22045989998150617,0.09973690001061186
20260713T133517746470Z_C0_BuildOnly_controlled_api_l_r1,expanded_20260713_cached_r3,C0_BuildOnly,controlled_api_l,large,58,341,1,True,0.1790416999720037,0.1758084999746643,0.0,0.0,0.0,0.0,0.0,0.0,0.0,0.0,0.0,0.0,0.0
20260713T133518024218Z_C1_NonBlockingScanning_controlled_api_l_r1,expanded_20260713_cached_r3,C1_NonBlockingScanning,controlled_api_l,large,58,341,1,True,8.10750680003548,0.20295489998534322,1.740978499990888,5.659434999979567,0.45147709996672347,0.0,0.0,0.0,7.851890599937178,0.0,7.851890599937178,0.0,0.0
20260713T133526230355Z_C2_AutoScanning_controlled_api_l_r1,expanded_20260713_cached_r3,C2_AutoScanning,controlled_api_l,large,58,341,1,True,7.668631899985485,0.261457699991297,1.4879052999895066,5.4566216000239365,0.4108379000099376,0.0,0.0,0.0,7.355364800023381,0.0,7.355364800023381,0.0,0.0
20260713T133534001029Z_C3_PolicyOnly_controlled_api_l_r1,expanded_20260713_cached_r3,C3_PolicyOnly,controlled_api_l,large,58,341,1,False,7.716040099970996,0.270492399984505,1.3854278000071645,5.425812700006645,0.4766575999674387,0.0,0.0,0.0,7.287898099981248,0.0,7.287898099981248,0.0,0.09295690001454204
20260713T133541861664Z_C4_AgentsOnly_controlled_api_l_r1,expanded_20260713_cached_r3,C4_AgentsOnly,controlled_api_l,large,58,341,1,True,16.29246049997164,0.22237329999916255,1.5441531999967992,5.777740599995013,0.45107910002116114,1.3261813999852166,6.151335400005337,0.49480789998779073,7.772972900012974,7.972324699978344,15.745297599991318,0.22224829997867346,0.0
20260713T133558266819Z_C5_SecFlowOps_controlled_api_l_r1,expanded_20260713_cached_r3,C5_SecFlowOps,controlled_api_l,large,58,341,1,True,16.786445699981414,0.21599320002133027,1.908372199977748,5.919010300014634,0.5031964000081643,1.4623159000184387,5.852170400030445,0.4488825000007637,8.330578900000546,7.763368800049648,16.093947700050194,0.253987500036601,0.0965851999935694
20260713T133615164830Z_C0_BuildOnly_controlled_api_xl_r1,expanded_20260713_cached_r3,C0_BuildOnly,controlled_api_xl,xlarge,108,566,1,True,0.24299140000948682,0.23725299997022375,0.0,0.0,0.0,0.0,0.0,0.0,0.0,0.0,0.0,0.0,0.0
20260713T133615571679Z_C1_NonBlockingScanning_controlled_api_xl_r1,expanded_20260713_cached_r3,C1_NonBlockingScanning,controlled_api_xl,xlarge,108,566,1,True,8.51643860002514,0.19795719999819994,1.9005317999981344,5.837209800025448,0.5119801000109874,0.0,0.0,0.0,8.24972170003457,0.0,8.24972170003457,0.0,0.0
20260713T133624245877Z_C2_AutoScanning_controlled_api_xl_r1,expanded_20260713_cached_r3,C2_AutoScanning,controlled_api_xl,xlarge,108,566,1,True,8.592205699998885,0.23748249997152016,1.8637910999823362,5.99368970002979,0.44147849996807054,0.0,0.0,0.0,8.298959299980197,0.0,8.298959299980197,0.0,0.0
20260713T133633115190Z_C3_PolicyOnly_controlled_api_xl_r1,expanded_20260713_cached_r3,C3_PolicyOnly,controlled_api_xl,xlarge,108,566,1,False,9.2123856000253,0.2066177999950014,2.0603511999943294,6.298764700011816,0.4952149000018835,0.0,0.0,0.0,8.854330800008029,0.0,8.854330800008029,0.0,0.09081419999711215
20260713T133642472192Z_C4_AgentsOnly_controlled_api_xl_r1,expanded_20260713_cached_r3,C4_AgentsOnly,controlled_api_xl,xlarge,108,566,1,True,17.703158600023016,0.21372810000320897,2.1505245000007562,5.998790900048334,0.4725935000460595,1.6139753000461496,6.378951599996071,0.4899866999476217,8.62190890009515,8.482913599989843,17.104822500084992,0.27777280000736937,0.0
20260713T133700361886Z_C5_SecFlowOps_controlled_api_xl_r1,expanded_20260713_cached_r3,C5_SecFlowOps,controlled_api_xl,xlarge,108,566,1,True,17.41109539999161,0.22150200000032783,1.6375003000139259,6.354444600001443,0.5848143000039272,1.5071344999596477,6.079317800002173,0.4492329999920912,8.576759200019296,8.035685299953911,16.612444499973208,0.32229340000776574,0.1277199000469409
20260713T133717958608Z_C0_BuildOnly_controlled_api_xxl_r1,expanded_20260713_cached_r3,C0_BuildOnly,controlled_api_xxl,xxlarge,208,1016,1,True,0.1827651999774389,0.17985529999714345,0.0,0.0,0.0,0.0,0.0,0.0,0.0,0.0,0.0,0.0,0.0
20260713T133718425769Z_C1_NonBlockingScanning_controlled_api_xxl_r1,expanded_20260713_cached_r3,C1_NonBlockingScanning,controlled_api_xxl,xxlarge,208,1016,1,True,9.44196229998488,0.2012387000140734,1.6296655000187457,6.868009699974209,0.6759648000006564,0.0,0.0,0.0,9.173639999993611,0.0,9.173639999993611,0.0,0.0
20260713T133728119601Z_C2_AutoScanning_controlled_api_xxl_r1,expanded_20260713_cached_r3,C2_AutoScanning,controlled_api_xxl,xxlarge,208,1016,1,True,9.23125519999303,0.2923792999936268,1.9021391000133008,6.523922300024424,0.45585520000895485,0.0,0.0,0.0,8.88191660004668,0.0,8.88191660004668,0.0,0.0
20260713T133737774193Z_C3_PolicyOnly_controlled_api_xxl_r1,expanded_20260713_cached_r3,C3_PolicyOnly,controlled_api_xxl,xxlarge,208,1016,1,False,9.480618999979924,0.2018594000255689,1.885162600025069,6.782837800041307,0.44952480000210926,0.0,0.0,0.0,9.117525200068485,0.0,9.117525200068485,0.0,0.10061020002467558
20260713T133747553266Z_C4_AgentsOnly_controlled_api_xxl_r1,expanded_20260713_cached_r3,C4_AgentsOnly,controlled_api_xxl,xxlarge,208,1016,1,True,16.802007400023285,0.21528740000212565,1.506943800020963,6.105327400029637,0.4320568999974057,1.4925840999931097,6.162620799965225,0.5742009000387043,8.044328100048006,8.22940579999704,16.273733900045045,0.2133041000342928,0.0
20260713T133804616237Z_C5_SecFlowOps_controlled_api_xxl_r1,expanded_20260713_cached_r3,C5_SecFlowOps,controlled_api_xxl,xxlarge,208,1016,1,True,16.46532820002176,0.19762059999629855,1.557583899993915,6.065693899989128,0.44988270004978403,1.4795441000023857,5.878467399976216,0.41362999996636063,8.073160500032827,7.771641499944963,15.84480199997779,0.21776900003897026,0.09399929997744039
20260713T133821354815Z_C0_BuildOnly_controlled_api_s_r2,expanded_20260713_cached_r3,C0_BuildOnly,controlled_api_s,small,10,122,2,True,0.2073575999820605,0.20252789999358356,0.0,0.0,0.0,0.0,0.0,0.0,0.0,0.0,0.0,0.0,0.0
20260713T133821621692Z_C1_NonBlockingScanning_controlled_api_s_r2,expanded_20260713_cached_r3,C1_NonBlockingScanning,controlled_api_s,small,10,122,2,True,8.492981599993072,0.1831053999485448,1.3279521000222303,6.46995609998703,0.4639084000373259,0.0,0.0,0.0,8.261816600046586,0.0,8.261816600046586,0.0,0.0
20260713T133830169700Z_C2_AutoScanning_controlled_api_s_r2,expanded_20260713_cached_r3,C2_AutoScanning,controlled_api_s,small,10,122,2,True,9.025242200004868,0.21565750002628192,1.513546000001952,6.635129499947652,0.5990531000425108,0.0,0.0,0.0,8.747728599992115,0.0,8.747728599992115,0.0,0.0
20260713T133839254398Z_C3_PolicyOnly_controlled_api_s_r2,expanded_20260713_cached_r3,C3_PolicyOnly,controlled_api_s,small,10,122,2,False,9.799129899998661,0.1932898999657482,2.302101500041317,6.663989400025457,0.48423590004676953,0.0,0.0,0.0,9.450326800113544,0.0,9.450326800113544,0.0,0.09158309997292235
20260713T133849107760Z_C4_AgentsOnly_controlled_api_s_r2,expanded_20260713_cached_r3,C4_AgentsOnly,controlled_api_s,small,10,122,2,True,16.986560699995607,0.19431679998524487,1.4268651000456885,6.261925200000405,0.7271721999859437,1.4500206999946386,6.002829499950167,0.42953760002274066,8.415962500032037,7.882387799967546,16.298350299999584,0.36319070000899956,0.0
20260713T133906146517Z_C5_SecFlowOps_controlled_api_s_r2,expanded_20260713_cached_r3,C5_SecFlowOps,controlled_api_s,small,10,122,2,True,18.01518600003328,0.21687930001644418,1.4327893000445329,5.7889437999692746,0.455037200008519,1.5071786000044085,7.571883199969307,0.43806890002451837,7.676770300022326,9.517130699998233,17.19390100002056,0.3529963999753818,0.1220964000094682
20260713T133924225381Z_C0_BuildOnly_controlled_api_m_r2,expanded_20260713_cached_r3,C0_BuildOnly,controlled_api_m,medium,28,206,2,True,0.29118040000321344,0.2877636000048369,0.0,0.0,0.0,0.0,0.0,0.0,0.0,0.0,0.0,0.0,0.0
20260713T133924633012Z_C1_NonBlockingScanning_controlled_api_m_r2,expanded_20260713_cached_r3,C1_NonBlockingScanning,controlled_api_m,medium,28,206,2,True,8.488205500005279,0.19737030001124367,1.442983299959451,6.361507699999493,0.4347507999627851,0.0,0.0,0.0,8.239241799921729,0.0,8.239241799921729,0.0,0.0
20260713T133933194659Z_C2_AutoScanning_controlled_api_m_r2,expanded_20260713_cached_r3,C2_AutoScanning,controlled_api_m,medium,28,206,2,True,12.140161299961619,0.17919830000028014,3.0669588000164367,8.258934499986935,0.5754541999776848,0.0,0.0,0.0,11.901347499981057,0.0,11.901347499981057,0.0,0.0
20260713T133945407132Z_C3_PolicyOnly_controlled_api_m_r2,expanded_20260713_cached_r3,C3_PolicyOnly,controlled_api_m,medium,28,206,2,False,11.192358700034674,0.28951560001587495,2.389815800008364,7.625037199992221,0.660212800023146,0.0,0.0,0.0,10.67506580002373,0.0,10.67506580002373,0.0,0.14602719998219982
20260713T133956694924Z_C4_AgentsOnly_controlled_api_m_r2,expanded_20260713_cached_r3,C4_AgentsOnly,controlled_api_m,medium,28,206,2,True,19.296096200007014,0.38889139995444566,2.0399036000017077,7.943733400024939,0.5335518000065349,1.5324719999916852,6.040323099994566,0.42000610003015026,10.517188800033182,7.992801200016402,18.509990000049584,0.28080120001686737,0.0
20260713T134016143036Z_C5_SecFlowOps_controlled_api_m_r2,expanded_20260713_cached_r3,C5_SecFlowOps,controlled_api_m,medium,28,206,2,True,15.908491800015327,0.262464799976442,1.4466803999966942,5.685666400007904,0.4351517000468448,1.4439449000055902,5.693024199979845,0.44031819998053834,7.5674985000514425,7.577287299965974,15.144785800017416,0.2904393000062555,0.09647769998991862
20260713T134032145774Z_C0_BuildOnly_controlled_api_l_r2,expanded_20260713_cached_r3,C0_BuildOnly,controlled_api_l,large,58,341,2,True,0.18098880001343787,0.17775309999706224,0.0,0.0,0.0,0.0,0.0,0.0,0.0,0.0,0.0,0.0,0.0
20260713T134032424737Z_C1_NonBlockingScanning_controlled_api_l_r2,expanded_20260713_cached_r3,C1_NonBlockingScanning,controlled_api_l,large,58,341,2,True,8.050475399999414,0.17216780001763254,1.384444200026337,5.960092300025281,0.4803422000259161,0.0,0.0,0.0,7.824878700077534,0.0,7.824878700077534,0.0,0.0
20260713T134040575095Z_C2_AutoScanning_controlled_api_l_r2,expanded_20260713_cached_r3,C2_AutoScanning,controlled_api_l,large,58,341,2,True,8.144191399973352,0.20296439999947324,1.3596482999855652,6.064509399991948,0.46538930002134293,0.0,0.0,0.0,7.889546999998856,0.0,7.889546999998856,0.0,0.0
20260713T134048826343Z_C3_PolicyOnly_controlled_api_l_r2,expanded_20260713_cached_r3,C3_PolicyOnly,controlled_api_l,large,58,341,2,False,8.311167300038505,0.18265319999773055,1.3936377000063658,5.924107900005765,0.642521699948702,0.0,0.0,0.0,7.960267299960833,0.0,7.960267299960833,0.0,0.10110549995442852
20260713T134057238968Z_C4_AgentsOnly_controlled_api_l_r2,expanded_20260713_cached_r3,C4_AgentsOnly,controlled_api_l,large,58,341,2,True,15.94896740000695,0.21829109999816865,1.522089899983257,6.105393000005279,0.4561721999780275,1.3270327000063844,5.577985399984755,0.4249351000180468,8.083655099966563,7.329953200009186,15.413608299975749,0.22313970001414418,0.0
20260713T134113318349Z_C5_SecFlowOps_controlled_api_l_r2,expanded_20260713_cached_r3,C5_SecFlowOps,controlled_api_l,large,58,341,2,True,18.041490399977192,0.1826168999541551,1.864369400020223,6.668601799989119,0.6328800999908708,1.5736841000034474,6.1339730999898165,0.4654970000265166,9.165851300000213,8.17315420001978,17.339005500019994,0.2507909999694675,0.1333013999974355
20260713T134131457833Z_C0_BuildOnly_controlled_api_xl_r2,expanded_20260713_cached_r3,C0_BuildOnly,controlled_api_xl,xlarge,108,566,2,True,0.3473206000053324,0.3406688999966718,0.0,0.0,0.0,0.0,0.0,0.0,0.0,0.0,0.0,0.0,0.0
20260713T134131987605Z_C1_NonBlockingScanning_controlled_api_xl_r2,expanded_20260713_cached_r3,C1_NonBlockingScanning,controlled_api_xl,xlarge,108,566,2,True,9.696382599999197,0.3238274999894202,2.1638560999999754,6.469864599988796,0.6622060000081547,0.0,0.0,0.0,9.295926699996926,0.0,9.295926699996926,0.0,0.0
20260713T134141962021Z_C2_AutoScanning_controlled_api_xl_r2,expanded_20260713_cached_r3,C2_AutoScanning,controlled_api_xl,xlarge,108,566,2,True,9.04645259998506,0.266255300026387,1.661504999967292,6.480224099999759,0.5794084999943152,0.0,0.0,0.0,8.721137599961367,0.0,8.721137599961367,0.0,0.0
20260713T134151199984Z_C3_PolicyOnly_controlled_api_xl_r2,expanded_20260713_cached_r3,C3_PolicyOnly,controlled_api_xl,xlarge,108,566,2,False,9.235059299971908,0.1989913000143133,1.5370209999964572,6.560702799994033,0.7328914999961853,0.0,0.0,0.0,8.830615299986675,0.0,8.830615299986675,0.0,0.14631080004619434
20260713T134200641258Z_C4_AgentsOnly_controlled_api_xl_r2,expanded_20260713_cached_r3,C4_AgentsOnly,controlled_api_xl,xlarge,108,566,2,True,17.404542299977038,0.2963103000074625,1.7429292000015266,6.567560700001195,0.47015840001404285,1.3743820999516174,6.113480900006834,0.45135129999835044,8.780648300016765,7.939214299956802,16.719862599973567,0.2684350999770686,0.0
20260713T134218306444Z_C5_SecFlowOps_controlled_api_xl_r2,expanded_20260713_cached_r3,C5_SecFlowOps,controlled_api_xl,xlarge,108,566,2,True,18.252931500028353,0.2532170999911614,1.6675596000277437,7.501524000021163,0.47248200001195073,1.4000550000346266,6.031622399983462,0.43697169999359176,9.641565600060858,7.86864910001168,17.510214700072538,0.23979000002145767,0.1384711000137031
20260713T134236796608Z_C0_BuildOnly_controlled_api_xxl_r2,expanded_20260713_cached_r3,C0_BuildOnly,controlled_api_xxl,xxlarge,208,1016,2,True,0.20296670001698658,0.19944260001648217,0.0,0.0,0.0,0.0,0.0,0.0,0.0,0.0,0.0,0.0,0.0
20260713T134237268901Z_C1_NonBlockingScanning_controlled_api_xxl_r2,expanded_20260713_cached_r3,C1_NonBlockingScanning,controlled_api_xxl,xxlarge,208,1016,2,True,9.09514519997174,0.19713920005597174,1.5530250000301749,6.841324599983636,0.44648280000546947,0.0,0.0,0.0,8.84083240001928,0.0,8.84083240001928,0.0,0.0
20260713T134246632585Z_C2_AutoScanning_controlled_api_xxl_r2,expanded_20260713_cached_r3,C2_AutoScanning,controlled_api_xxl,xxlarge,208,1016,2,True,8.476597800035961,0.26592839998193085,1.6084698000340723,6.0675739999860525,0.4815597000415437,0.0,0.0,0.0,8.157603500061668,0.0,8.157603500061668,0.0,0.0
20260713T134255415636Z_C3_PolicyOnly_controlled_api_xxl_r2,expanded_20260713_cached_r3,C3_PolicyOnly,controlled_api_xxl,xxlarge,208,1016,2,False,9.2334039999987,0.1721123000024818,1.6108394999755546,6.651032500027213,0.6436517999973148,0.0,0.0,0.0,8.905523800000083,0.0,8.905523800000083,0.0,0.08979300002101809
20260713T134304948408Z_C4_AgentsOnly_controlled_api_xxl_r2,expanded_20260713_cached_r3,C4_AgentsOnly,controlled_api_xxl,xxlarge,208,1016,2,True,16.980155600002035,0.1814670999883674,1.5392166000092402,6.10856760002207,0.4476992000127211,1.4481052000191994,6.460501099994872,0.48101069999393076,8.095483400044031,8.389617000008002,16.485100400052033,0.21205099998041987,0.0
20260713T134322202126Z_C5_SecFlowOps_controlled_api_xxl_r2,expanded_20260713_cached_r3,C5_SecFlowOps,controlled_api_xxl,xxlarge,208,1016,2,True,17.358102899976075,0.18984480004291981,1.4983862999943085,6.633309500000905,0.49321829999098554,1.451385400025174,6.220374900032766,0.43903960002353415,8.6249140999862,8.110799900081474,16.735714000067674,0.22287040000082925,0.10062389995437115
20260713T134339825182Z_C0_BuildOnly_controlled_api_s_r3,expanded_20260713_cached_r3,C0_BuildOnly,controlled_api_s,small,10,122,3,True,0.17716009996365756,0.17392500001005828,0.0,0.0,0.0,0.0,0.0,0.0,0.0,0.0,0.0,0.0,0.0
20260713T134340053610Z_C1_NonBlockingScanning_controlled_api_s_r3,expanded_20260713_cached_r3,C1_NonBlockingScanning,controlled_api_s,small,10,122,3,True,8.366594200022519,0.17759380000643432,1.450222700019367,6.210513999976683,0.47377600002801046,0.0,0.0,0.0,8.134512700024061,0.0,8.134512700024061,0.0,0.0
20260713T134348470898Z_C2_AutoScanning_controlled_api_s_r3,expanded_20260713_cached_r3,C2_AutoScanning,controlled_api_s,small,10,122,3,True,8.037686499999836,0.1895121000125073,1.3185827999841422,6.0335249999770895,0.44640869996510446,0.0,0.0,0.0,7.798516499926336,0.0,7.798516499926336,0.0,0.0
20260713T134356564142Z_C3_PolicyOnly_controlled_api_s_r3,expanded_20260713_cached_r3,C3_PolicyOnly,controlled_api_s,small,10,122,3,False,8.661835100036114,0.2475997000001371,1.4320239999797195,6.207958800019696,0.5808519000420347,0.0,0.0,0.0,8.22083470004145,0.0,8.22083470004145,0.0,0.1209215999697335
20260713T134405288139Z_C4_AgentsOnly_controlled_api_s_r3,expanded_20260713_cached_r3,C4_AgentsOnly,controlled_api_s,small,10,122,3,True,17.13785390002886,0.23218769999220967,1.6981845000409521,6.6115741999819875,0.48413509997772053,1.3156017000437714,5.882526700035669,0.4448000999982469,8.79389380000066,7.642928500077687,16.436822300078347,0.35925629996927455,0.0
20260713T134422518861Z_C5_SecFlowOps_controlled_api_s_r3,expanded_20260713_cached_r3,C5_SecFlowOps,controlled_api_s,small,10,122,3,True,16.79131410003174,0.1837571000214666,1.338347899960354,6.437185199989472,0.4679376999847591,1.3715210999944247,6.146993900008965,0.40290369995636865,8.243470799934585,7.921418699959759,16.164889499894343,0.22774710005614907,0.10346429998753592
20260713T134439361443Z_C0_BuildOnly_controlled_api_m_r3,expanded_20260713_cached_r3,C0_BuildOnly,controlled_api_m,medium,28,206,3,True,0.1794717000448145,0.17648339999141172,0.0,0.0,0.0,0.0,0.0,0.0,0.0,0.0,0.0,0.0,0.0
20260713T134439610492Z_C1_NonBlockingScanning_controlled_api_m_r3,expanded_20260713_cached_r3,C1_NonBlockingScanning,controlled_api_m,medium,28,206,3,True,8.87581290001981,0.18852569995215163,1.431955999985803,6.586827699968126,0.6076205999706872,0.0,0.0,0.0,8.626404299924616,0.0,8.626404299924616,0.0,0.0
20260713T134448554128Z_C2_AutoScanning_controlled_api_m_r3,expanded_20260713_cached_r3,C2_AutoScanning,controlled_api_m,medium,28,206,3,True,8.231196400010958,0.19540779996896163,1.4064864999963902,6.0799942999728955,0.4740215999772772,0.0,0.0,0.0,7.960502399946563,0.0,7.960502399946563,0.0,0.0
20260713T134456862755Z_C3_PolicyOnly_controlled_api_m_r3,expanded_20260713_cached_r3,C3_PolicyOnly,controlled_api_m,medium,28,206,3,False,8.837963400001172,0.23499239998636767,1.4097214000066742,6.557829800003674,0.45260949997464195,0.0,0.0,0.0,8.42016069998499,0.0,8.42016069998499,0.0,0.1148786999983713
20260713T134505829480Z_C4_AgentsOnly_controlled_api_m_r3,expanded_20260713_cached_r3,C4_AgentsOnly,controlled_api_m,medium,28,206,3,True,16.879537900036667,0.1951184999779798,1.3903182999929413,6.067759099998511,0.4820081000216305,1.531320699956268,6.403937700029928,0.45761869999114424,7.940085500013083,8.39287709997734,16.332962599990424,0.2471376999747008,0.0
20260713T134522792023Z_C5_SecFlowOps_controlled_api_m_r3,expanded_20260713_cached_r3,C5_SecFlowOps,controlled_api_m,medium,28,206,3,True,20.04613190004602,0.18854100001044571,1.355819899996277,7.36245139996754,0.9301972000394017,1.9582431000308134,7.118129200011026,0.4904605000047013,9.648468500003219,9.56683280004654,19.21530130004976,0.3487975000170991,0.10818520002067089
20260713T134542909205Z_C0_BuildOnly_controlled_api_l_r3,expanded_20260713_cached_r3,C0_BuildOnly,controlled_api_l,large,58,341,3,True,0.5147475000121631,0.5110426999744959,0.0,0.0,0.0,0.0,0.0,0.0,0.0,0.0,0.0,0.0,0.0
20260713T134543541478Z_C1_NonBlockingScanning_controlled_api_l_r3,expanded_20260713_cached_r3,C1_NonBlockingScanning,controlled_api_l,large,58,341,3,True,9.579945600009523,0.2585174000123516,1.8181811000104062,6.871017600002233,0.5634469999931753,0.0,0.0,0.0,9.252645700005814,0.0,9.252645700005814,0.0,0.0
20260713T134553262480Z_C2_AutoScanning_controlled_api_l_r3,expanded_20260713_cached_r3,C2_AutoScanning,controlled_api_l,large,58,341,3,True,10.31247240002267,0.24213750002672896,2.0492973000509664,7.4116538999951445,0.5455343999783508,0.0,0.0,0.0,10.006485600024462,0.0,10.006485600024462,0.0,0.0
20260713T134603703636Z_C3_PolicyOnly_controlled_api_l_r3,expanded_20260713_cached_r3,C3_PolicyOnly,controlled_api_l,large,58,341,3,False,9.880751100019552,0.2343140000011772,1.7001077000168152,7.21449169999687,0.535360700043384,0.0,0.0,0.0,9.44996010005707,0.0,9.44996010005707,0.0,0.12081270001363009
20260713T134613737030Z_C4_AgentsOnly_controlled_api_l_r3,expanded_20260713_cached_r3,C4_AgentsOnly,controlled_api_l,large,58,341,3,True,20.122549499967135,0.22199620003812015,1.8563513000262901,8.078367899986915,0.5234908999991603,1.5158180000144057,6.796938700019382,0.5251270000007935,10.458210100012366,8.837883700034581,19.296093800046947,0.48480159998871386,0.0
20260713T134633990569Z_C5_SecFlowOps_controlled_api_l_r3,expanded_20260713_cached_r3,C5_SecFlowOps,controlled_api_l,large,58,341,3,True,20.38848570000846,0.24029220000375062,1.7045448999851942,7.730661100009456,0.6321458999882452,1.679548500047531,7.160250800021458,0.4508083999971859,10.067351899982896,9.290607700066175,19.35795960004907,0.5385587000055239,0.10581699997419491
20260713T134654556273Z_C0_BuildOnly_controlled_api_xl_r3,expanded_20260713_cached_r3,C0_BuildOnly,controlled_api_xl,xlarge,108,566,3,True,0.29201959999045357,0.28840319998562336,0.0,0.0,0.0,0.0,0.0,0.0,0.0,0.0,0.0,0.0,0.0
20260713T134655121129Z_C1_NonBlockingScanning_controlled_api_xl_r3,expanded_20260713_cached_r3,C1_NonBlockingScanning,controlled_api_xl,xlarge,108,566,3,True,10.487157399998978,0.26804499997524545,2.155870500020683,7.3313200999982655,0.6505942000076175,0.0,0.0,0.0,10.137784800026566,0.0,10.137784800026566,0.0,0.0
20260713T134705788219Z_C2_AutoScanning_controlled_api_xl_r3,expanded_20260713_cached_r3,C2_AutoScanning,controlled_api_xl,xlarge,108,566,3,True,10.584133800002746,0.23753639997448772,1.6754639000282623,7.991754700022284,0.6223749999771826,0.0,0.0,0.0,10.289593600027729,0.0,10.289593600027729,0.0,0.0
20260713T134716584305Z_C3_PolicyOnly_controlled_api_xl_r3,expanded_20260713_cached_r3,C3_PolicyOnly,controlled_api_xl,xlarge,108,566,3,False,11.16784920002101,0.26841459999559447,1.9642688000458293,8.005472099990584,0.6764487999607809,0.0,0.0,0.0,10.646189699997194,0.0,10.646189699997194,0.0,0.15630149998469278
20260713T134727936832Z_C4_AgentsOnly_controlled_api_xl_r3,expanded_20260713_cached_r3,C4_AgentsOnly,controlled_api_xl,xlarge,108,566,3,True,21.81494789995486,0.2405070000095293,1.9040116999531165,8.156500500044785,0.5631483999895863,1.7460002999869175,8.137333899969235,0.6871050999616273,10.623660599987488,10.57043929991778,21.194099899905268,0.2667447999701835,0.0
20260713T134749942175Z_C5_SecFlowOps_controlled_api_xl_r3,expanded_20260713_cached_r3,C5_SecFlowOps,controlled_api_xl,xlarge,108,566,3,True,22.7560158999986,0.2252267999574542,1.914987199997995,7.786693100002594,0.5127390999696217,1.5536633000010625,9.368338800035417,0.743505600024946,10.214419399970211,11.665507700061426,21.879927100031637,0.26616150001063943,0.2626181000377983
20260713T134812900893Z_C0_BuildOnly_controlled_api_xxl_r3,expanded_20260713_cached_r3,C0_BuildOnly,controlled_api_xxl,xxlarge,208,1016,3,True,0.3030935999704525,0.2986496000085026,0.0,0.0,0.0,0.0,0.0,0.0,0.0,0.0,0.0,0.0,0.0
20260713T134814054763Z_C1_NonBlockingScanning_controlled_api_xxl_r3,expanded_20260713_cached_r3,C1_NonBlockingScanning,controlled_api_xxl,xxlarge,208,1016,3,True,14.558658299967647,0.3469285999890417,3.4628481000545435,10.047938900010195,0.5851717999903485,0.0,0.0,0.0,14.095958800055087,0.0,14.095958800055087,0.0,0.0
20260713T134829070112Z_C2_AutoScanning_controlled_api_xxl_r3,expanded_20260713_cached_r3,C2_AutoScanning,controlled_api_xxl,xxlarge,208,1016,3,True,13.462021899991669,0.23305690003326163,2.4533697000006214,9.985820800007787,0.7197327999747358,0.0,0.0,0.0,13.158923299983144,0.0,13.158923299983144,0.0,0.0
20260713T134842890801Z_C3_PolicyOnly_controlled_api_xxl_r3,expanded_20260713_cached_r3,C3_PolicyOnly,controlled_api_xxl,xxlarge,208,1016,3,False,10.458041200006846,0.30931430001510307,1.8922518999897875,7.576469100022223,0.49431030004052445,0.0,0.0,0.0,9.963031300052535,0.0,9.963031300052535,0.0,0.11120090004988015
20260713T134853722832Z_C4_AgentsOnly_controlled_api_xxl_r3,expanded_20260713_cached_r3,C4_AgentsOnly,controlled_api_xxl,xxlarge,208,1016,3,True,20.54021519998787,0.24209719995269552,2.127694600028917,7.789581099990755,0.5606593999546021,1.614884999988135,7.218668499961495,0.4996658000163734,10.477935099974275,9.333219299966004,19.81115439994028,0.3613599999807775,0.0
20260713T134914650651Z_C5_SecFlowOps_controlled_api_xxl_r3,expanded_20260713_cached_r3,C5_SecFlowOps,controlled_api_xxl,xxlarge,208,1016,3,True,20.562928600003943,0.23938629997428507,1.6990804999950342,8.133855999971274,0.5092051000101492,1.5188239000272006,7.335951799992472,0.588104700029362,10.342141599976458,9.442880400049035,19.785022000025492,0.2648182000266388,0.13048420002451167
