configuration_id,configuration_name,repo,scenario,repetition,planned_for_smoke,planned_for_full_study,notes
C0,C0_BuildOnly,full_alpha_clean,clean,1,false,true,full protocol alpha clean
C1,C1_NonBlockingScanning,full_alpha_clean,clean,1,false,true,full protocol alpha clean
C2,C2_AutoScanning,full_alpha_clean,clean,1,false,true,full protocol alpha clean
C3,C3_PolicyOnly,full_alpha_clean,clean,1,false,true,full protocol alpha clean
C4,C4_AgentsOnly,full_alpha_clean,clean,1,false,true,full protocol alpha clean
C5,C5_SecFlowOps,full_alpha_clean,clean,1,false,true,full protocol alpha clean
C0,C0_BuildOnly,full_alpha_clean,clean,2,false,true,full protocol alpha clean
C1,C1_NonBlockingScanning,full_alpha_clean,clean,2,false,true,full protocol alpha clean
C2,C2_AutoScanning,full_alpha_clean,clean,2,false,true,full protocol alpha clean
C3,C3_PolicyOnly,full_alpha_clean,clean,2,false,true,full protocol alpha clean
C4,C4_AgentsOnly,full_alpha_clean,clean,2,false,true,full protocol alpha clean
C5,C5_SecFlowOps,full_alpha_clean,clean,2,false,true,full protocol alpha clean
C0,C0_BuildOnly,full_alpha_clean,clean,3,false,true,full protocol alpha clean
C1,C1_NonBlockingScanning,full_alpha_clean,clean,3,false,true,full protocol alpha clean
C2,C2_AutoScanning,full_alpha_clean,clean,3,false,true,full protocol alpha clean
C3,C3_PolicyOnly,full_alpha_clean,clean,3,false,true,full protocol alpha clean
C4,C4_AgentsOnly,full_alpha_clean,clean,3,false,true,full protocol alpha clean
C5,C5_SecFlowOps,full_alpha_clean,clean,3,false,true,full protocol alpha clean
C0,C0_BuildOnly,full_alpha_vulnerable_dependency,vulnerable_dependency,1,false,true,full protocol alpha vulnerable_dependency
C1,C1_NonBlockingScanning,full_alpha_vulnerable_dependency,vulnerable_dependency,1,false,true,full protocol alpha vulnerable_dependency
C2,C2_AutoScanning,full_alpha_vulnerable_dependency,vulnerable_dependency,1,false,true,full protocol alpha vulnerable_dependency
C3,C3_PolicyOnly,full_alpha_vulnerable_dependency,vulnerable_dependency,1,false,true,full protocol alpha vulnerable_dependency
C4,C4_AgentsOnly,full_alpha_vulnerable_dependency,vulnerable_dependency,1,false,true,full protocol alpha vulnerable_dependency
C5,C5_SecFlowOps,full_alpha_vulnerable_dependency,vulnerable_dependency,1,false,true,full protocol alpha vulnerable_dependency
C0,C0_BuildOnly,full_alpha_vulnerable_dependency,vulnerable_dependency,2,false,true,full protocol alpha vulnerable_dependency
C1,C1_NonBlockingScanning,full_alpha_vulnerable_dependency,vulnerable_dependency,2,false,true,full protocol alpha vulnerable_dependency
C2,C2_AutoScanning,full_alpha_vulnerable_dependency,vulnerable_dependency,2,false,true,full protocol alpha vulnerable_dependency
C3,C3_PolicyOnly,full_alpha_vulnerable_dependency,vulnerable_dependency,2,false,true,full protocol alpha vulnerable_dependency
C4,C4_AgentsOnly,full_alpha_vulnerable_dependency,vulnerable_dependency,2,false,true,full protocol alpha vulnerable_dependency
C5,C5_SecFlowOps,full_alpha_vulnerable_dependency,vulnerable_dependency,2,false,true,full protocol alpha vulnerable_dependency
C0,C0_BuildOnly,full_alpha_vulnerable_dependency,vulnerable_dependency,3,false,true,full protocol alpha vulnerable_dependency
C1,C1_NonBlockingScanning,full_alpha_vulnerable_dependency,vulnerable_dependency,3,false,true,full protocol alpha vulnerable_dependency
C2,C2_AutoScanning,full_alpha_vulnerable_dependency,vulnerable_dependency,3,false,true,full protocol alpha vulnerable_dependency
C3,C3_PolicyOnly,full_alpha_vulnerable_dependency,vulnerable_dependency,3,false,true,full protocol alpha vulnerable_dependency
C4,C4_AgentsOnly,full_alpha_vulnerable_dependency,vulnerable_dependency,3,false,true,full protocol alpha vulnerable_dependency
C5,C5_SecFlowOps,full_alpha_vulnerable_dependency,vulnerable_dependency,3,false,true,full protocol alpha vulnerable_dependency
C0,C0_BuildOnly,full_alpha_fake_secret,fake_secret,1,false,true,full protocol alpha fake_secret
C1,C1_NonBlockingScanning,full_alpha_fake_secret,fake_secret,1,false,true,full protocol alpha fake_secret
C2,C2_AutoScanning,full_alpha_fake_secret,fake_secret,1,false,true,full protocol alpha fake_secret
C3,C3_PolicyOnly,full_alpha_fake_secret,fake_secret,1,false,true,full protocol alpha fake_secret
C4,C4_AgentsOnly,full_alpha_fake_secret,fake_secret,1,false,true,full protocol alpha fake_secret
C5,C5_SecFlowOps,full_alpha_fake_secret,fake_secret,1,false,true,full protocol alpha fake_secret
C0,C0_BuildOnly,full_alpha_fake_secret,fake_secret,2,false,true,full protocol alpha fake_secret
C1,C1_NonBlockingScanning,full_alpha_fake_secret,fake_secret,2,false,true,full protocol alpha fake_secret
C2,C2_AutoScanning,full_alpha_fake_secret,fake_secret,2,false,true,full protocol alpha fake_secret
C3,C3_PolicyOnly,full_alpha_fake_secret,fake_secret,2,false,true,full protocol alpha fake_secret
C4,C4_AgentsOnly,full_alpha_fake_secret,fake_secret,2,false,true,full protocol alpha fake_secret
C5,C5_SecFlowOps,full_alpha_fake_secret,fake_secret,2,false,true,full protocol alpha fake_secret
C0,C0_BuildOnly,full_alpha_fake_secret,fake_secret,3,false,true,full protocol alpha fake_secret
C1,C1_NonBlockingScanning,full_alpha_fake_secret,fake_secret,3,false,true,full protocol alpha fake_secret
C2,C2_AutoScanning,full_alpha_fake_secret,fake_secret,3,false,true,full protocol alpha fake_secret
C3,C3_PolicyOnly,full_alpha_fake_secret,fake_secret,3,false,true,full protocol alpha fake_secret
C4,C4_AgentsOnly,full_alpha_fake_secret,fake_secret,3,false,true,full protocol alpha fake_secret
C5,C5_SecFlowOps,full_alpha_fake_secret,fake_secret,3,false,true,full protocol alpha fake_secret
C0,C0_BuildOnly,full_alpha_sast_reflected_xss,sast_reflected_xss,1,false,true,full protocol alpha sast_reflected_xss
C1,C1_NonBlockingScanning,full_alpha_sast_reflected_xss,sast_reflected_xss,1,false,true,full protocol alpha sast_reflected_xss
C2,C2_AutoScanning,full_alpha_sast_reflected_xss,sast_reflected_xss,1,false,true,full protocol alpha sast_reflected_xss
C3,C3_PolicyOnly,full_alpha_sast_reflected_xss,sast_reflected_xss,1,false,true,full protocol alpha sast_reflected_xss
C4,C4_AgentsOnly,full_alpha_sast_reflected_xss,sast_reflected_xss,1,false,true,full protocol alpha sast_reflected_xss
C5,C5_SecFlowOps,full_alpha_sast_reflected_xss,sast_reflected_xss,1,false,true,full protocol alpha sast_reflected_xss
C0,C0_BuildOnly,full_alpha_sast_reflected_xss,sast_reflected_xss,2,false,true,full protocol alpha sast_reflected_xss
C1,C1_NonBlockingScanning,full_alpha_sast_reflected_xss,sast_reflected_xss,2,false,true,full protocol alpha sast_reflected_xss
C2,C2_AutoScanning,full_alpha_sast_reflected_xss,sast_reflected_xss,2,false,true,full protocol alpha sast_reflected_xss
C3,C3_PolicyOnly,full_alpha_sast_reflected_xss,sast_reflected_xss,2,false,true,full protocol alpha sast_reflected_xss
C4,C4_AgentsOnly,full_alpha_sast_reflected_xss,sast_reflected_xss,2,false,true,full protocol alpha sast_reflected_xss
C5,C5_SecFlowOps,full_alpha_sast_reflected_xss,sast_reflected_xss,2,false,true,full protocol alpha sast_reflected_xss
C0,C0_BuildOnly,full_alpha_sast_reflected_xss,sast_reflected_xss,3,false,true,full protocol alpha sast_reflected_xss
C1,C1_NonBlockingScanning,full_alpha_sast_reflected_xss,sast_reflected_xss,3,false,true,full protocol alpha sast_reflected_xss
C2,C2_AutoScanning,full_alpha_sast_reflected_xss,sast_reflected_xss,3,false,true,full protocol alpha sast_reflected_xss
C3,C3_PolicyOnly,full_alpha_sast_reflected_xss,sast_reflected_xss,3,false,true,full protocol alpha sast_reflected_xss
C4,C4_AgentsOnly,full_alpha_sast_reflected_xss,sast_reflected_xss,3,false,true,full protocol alpha sast_reflected_xss
C5,C5_SecFlowOps,full_alpha_sast_reflected_xss,sast_reflected_xss,3,false,true,full protocol alpha sast_reflected_xss
C0,C0_BuildOnly,full_alpha_sast_sql_injection,sast_sql_injection,1,false,true,full protocol alpha sast_sql_injection
C1,C1_NonBlockingScanning,full_alpha_sast_sql_injection,sast_sql_injection,1,false,true,full protocol alpha sast_sql_injection
C2,C2_AutoScanning,full_alpha_sast_sql_injection,sast_sql_injection,1,false,true,full protocol alpha sast_sql_injection
C3,C3_PolicyOnly,full_alpha_sast_sql_injection,sast_sql_injection,1,false,true,full protocol alpha sast_sql_injection
C4,C4_AgentsOnly,full_alpha_sast_sql_injection,sast_sql_injection,1,false,true,full protocol alpha sast_sql_injection
C5,C5_SecFlowOps,full_alpha_sast_sql_injection,sast_sql_injection,1,false,true,full protocol alpha sast_sql_injection
C0,C0_BuildOnly,full_alpha_sast_sql_injection,sast_sql_injection,2,false,true,full protocol alpha sast_sql_injection
C1,C1_NonBlockingScanning,full_alpha_sast_sql_injection,sast_sql_injection,2,false,true,full protocol alpha sast_sql_injection
C2,C2_AutoScanning,full_alpha_sast_sql_injection,sast_sql_injection,2,false,true,full protocol alpha sast_sql_injection
C3,C3_PolicyOnly,full_alpha_sast_sql_injection,sast_sql_injection,2,false,true,full protocol alpha sast_sql_injection
C4,C4_AgentsOnly,full_alpha_sast_sql_injection,sast_sql_injection,2,false,true,full protocol alpha sast_sql_injection
C5,C5_SecFlowOps,full_alpha_sast_sql_injection,sast_sql_injection,2,false,true,full protocol alpha sast_sql_injection
C0,C0_BuildOnly,full_alpha_sast_sql_injection,sast_sql_injection,3,false,true,full protocol alpha sast_sql_injection
C1,C1_NonBlockingScanning,full_alpha_sast_sql_injection,sast_sql_injection,3,false,true,full protocol alpha sast_sql_injection
C2,C2_AutoScanning,full_alpha_sast_sql_injection,sast_sql_injection,3,false,true,full protocol alpha sast_sql_injection
C3,C3_PolicyOnly,full_alpha_sast_sql_injection,sast_sql_injection,3,false,true,full protocol alpha sast_sql_injection
C4,C4_AgentsOnly,full_alpha_sast_sql_injection,sast_sql_injection,3,false,true,full protocol alpha sast_sql_injection
C5,C5_SecFlowOps,full_alpha_sast_sql_injection,sast_sql_injection,3,false,true,full protocol alpha sast_sql_injection
C0,C0_BuildOnly,full_alpha_docker_misconfiguration,docker_misconfiguration,1,false,true,full protocol alpha docker_misconfiguration
C1,C1_NonBlockingScanning,full_alpha_docker_misconfiguration,docker_misconfiguration,1,false,true,full protocol alpha docker_misconfiguration
C2,C2_AutoScanning,full_alpha_docker_misconfiguration,docker_misconfiguration,1,false,true,full protocol alpha docker_misconfiguration
C3,C3_PolicyOnly,full_alpha_docker_misconfiguration,docker_misconfiguration,1,false,true,full protocol alpha docker_misconfiguration
C4,C4_AgentsOnly,full_alpha_docker_misconfiguration,docker_misconfiguration,1,false,true,full protocol alpha docker_misconfiguration
C5,C5_SecFlowOps,full_alpha_docker_misconfiguration,docker_misconfiguration,1,false,true,full protocol alpha docker_misconfiguration
C0,C0_BuildOnly,full_alpha_docker_misconfiguration,docker_misconfiguration,2,false,true,full protocol alpha docker_misconfiguration
C1,C1_NonBlockingScanning,full_alpha_docker_misconfiguration,docker_misconfiguration,2,false,true,full protocol alpha docker_misconfiguration
C2,C2_AutoScanning,full_alpha_docker_misconfiguration,docker_misconfiguration,2,false,true,full protocol alpha docker_misconfiguration
C3,C3_PolicyOnly,full_alpha_docker_misconfiguration,docker_misconfiguration,2,false,true,full protocol alpha docker_misconfiguration
C4,C4_AgentsOnly,full_alpha_docker_misconfiguration,docker_misconfiguration,2,false,true,full protocol alpha docker_misconfiguration
C5,C5_SecFlowOps,full_alpha_docker_misconfiguration,docker_misconfiguration,2,false,true,full protocol alpha docker_misconfiguration
C0,C0_BuildOnly,full_alpha_docker_misconfiguration,docker_misconfiguration,3,false,true,full protocol alpha docker_misconfiguration
C1,C1_NonBlockingScanning,full_alpha_docker_misconfiguration,docker_misconfiguration,3,false,true,full protocol alpha docker_misconfiguration
C2,C2_AutoScanning,full_alpha_docker_misconfiguration,docker_misconfiguration,3,false,true,full protocol alpha docker_misconfiguration
C3,C3_PolicyOnly,full_alpha_docker_misconfiguration,docker_misconfiguration,3,false,true,full protocol alpha docker_misconfiguration
C4,C4_AgentsOnly,full_alpha_docker_misconfiguration,docker_misconfiguration,3,false,true,full protocol alpha docker_misconfiguration
C5,C5_SecFlowOps,full_alpha_docker_misconfiguration,docker_misconfiguration,3,false,true,full protocol alpha docker_misconfiguration
C0,C0_BuildOnly,full_alpha_k8s_misconfiguration,k8s_misconfiguration,1,false,true,full protocol alpha k8s_misconfiguration
C1,C1_NonBlockingScanning,full_alpha_k8s_misconfiguration,k8s_misconfiguration,1,false,true,full protocol alpha k8s_misconfiguration
C2,C2_AutoScanning,full_alpha_k8s_misconfiguration,k8s_misconfiguration,1,false,true,full protocol alpha k8s_misconfiguration
C3,C3_PolicyOnly,full_alpha_k8s_misconfiguration,k8s_misconfiguration,1,false,true,full protocol alpha k8s_misconfiguration
C4,C4_AgentsOnly,full_alpha_k8s_misconfiguration,k8s_misconfiguration,1,false,true,full protocol alpha k8s_misconfiguration
C5,C5_SecFlowOps,full_alpha_k8s_misconfiguration,k8s_misconfiguration,1,false,true,full protocol alpha k8s_misconfiguration
C0,C0_BuildOnly,full_alpha_k8s_misconfiguration,k8s_misconfiguration,2,false,true,full protocol alpha k8s_misconfiguration
C1,C1_NonBlockingScanning,full_alpha_k8s_misconfiguration,k8s_misconfiguration,2,false,true,full protocol alpha k8s_misconfiguration
C2,C2_AutoScanning,full_alpha_k8s_misconfiguration,k8s_misconfiguration,2,false,true,full protocol alpha k8s_misconfiguration
C3,C3_PolicyOnly,full_alpha_k8s_misconfiguration,k8s_misconfiguration,2,false,true,full protocol alpha k8s_misconfiguration
C4,C4_AgentsOnly,full_alpha_k8s_misconfiguration,k8s_misconfiguration,2,false,true,full protocol alpha k8s_misconfiguration
C5,C5_SecFlowOps,full_alpha_k8s_misconfiguration,k8s_misconfiguration,2,false,true,full protocol alpha k8s_misconfiguration
C0,C0_BuildOnly,full_alpha_k8s_misconfiguration,k8s_misconfiguration,3,false,true,full protocol alpha k8s_misconfiguration
C1,C1_NonBlockingScanning,full_alpha_k8s_misconfiguration,k8s_misconfiguration,3,false,true,full protocol alpha k8s_misconfiguration
C2,C2_AutoScanning,full_alpha_k8s_misconfiguration,k8s_misconfiguration,3,false,true,full protocol alpha k8s_misconfiguration
C3,C3_PolicyOnly,full_alpha_k8s_misconfiguration,k8s_misconfiguration,3,false,true,full protocol alpha k8s_misconfiguration
C4,C4_AgentsOnly,full_alpha_k8s_misconfiguration,k8s_misconfiguration,3,false,true,full protocol alpha k8s_misconfiguration
C5,C5_SecFlowOps,full_alpha_k8s_misconfiguration,k8s_misconfiguration,3,false,true,full protocol alpha k8s_misconfiguration
C0,C0_BuildOnly,full_alpha_multi_layer,multi_layer,1,false,true,full protocol alpha multi_layer
C1,C1_NonBlockingScanning,full_alpha_multi_layer,multi_layer,1,false,true,full protocol alpha multi_layer
C2,C2_AutoScanning,full_alpha_multi_layer,multi_layer,1,false,true,full protocol alpha multi_layer
C3,C3_PolicyOnly,full_alpha_multi_layer,multi_layer,1,false,true,full protocol alpha multi_layer
C4,C4_AgentsOnly,full_alpha_multi_layer,multi_layer,1,false,true,full protocol alpha multi_layer
C5,C5_SecFlowOps,full_alpha_multi_layer,multi_layer,1,false,true,full protocol alpha multi_layer
C0,C0_BuildOnly,full_alpha_multi_layer,multi_layer,2,false,true,full protocol alpha multi_layer
C1,C1_NonBlockingScanning,full_alpha_multi_layer,multi_layer,2,false,true,full protocol alpha multi_layer
C2,C2_AutoScanning,full_alpha_multi_layer,multi_layer,2,false,true,full protocol alpha multi_layer
C3,C3_PolicyOnly,full_alpha_multi_layer,multi_layer,2,false,true,full protocol alpha multi_layer
C4,C4_AgentsOnly,full_alpha_multi_layer,multi_layer,2,false,true,full protocol alpha multi_layer
C5,C5_SecFlowOps,full_alpha_multi_layer,multi_layer,2,false,true,full protocol alpha multi_layer
C0,C0_BuildOnly,full_alpha_multi_layer,multi_layer,3,false,true,full protocol alpha multi_layer
C1,C1_NonBlockingScanning,full_alpha_multi_layer,multi_layer,3,false,true,full protocol alpha multi_layer
C2,C2_AutoScanning,full_alpha_multi_layer,multi_layer,3,false,true,full protocol alpha multi_layer
C3,C3_PolicyOnly,full_alpha_multi_layer,multi_layer,3,false,true,full protocol alpha multi_layer
C4,C4_AgentsOnly,full_alpha_multi_layer,multi_layer,3,false,true,full protocol alpha multi_layer
C5,C5_SecFlowOps,full_alpha_multi_layer,multi_layer,3,false,true,full protocol alpha multi_layer
C0,C0_BuildOnly,full_beta_clean,clean,1,false,true,full protocol beta clean
C1,C1_NonBlockingScanning,full_beta_clean,clean,1,false,true,full protocol beta clean
C2,C2_AutoScanning,full_beta_clean,clean,1,false,true,full protocol beta clean
C3,C3_PolicyOnly,full_beta_clean,clean,1,false,true,full protocol beta clean
C4,C4_AgentsOnly,full_beta_clean,clean,1,false,true,full protocol beta clean
C5,C5_SecFlowOps,full_beta_clean,clean,1,false,true,full protocol beta clean
C0,C0_BuildOnly,full_beta_clean,clean,2,false,true,full protocol beta clean
C1,C1_NonBlockingScanning,full_beta_clean,clean,2,false,true,full protocol beta clean
C2,C2_AutoScanning,full_beta_clean,clean,2,false,true,full protocol beta clean
C3,C3_PolicyOnly,full_beta_clean,clean,2,false,true,full protocol beta clean
C4,C4_AgentsOnly,full_beta_clean,clean,2,false,true,full protocol beta clean
C5,C5_SecFlowOps,full_beta_clean,clean,2,false,true,full protocol beta clean
C0,C0_BuildOnly,full_beta_clean,clean,3,false,true,full protocol beta clean
C1,C1_NonBlockingScanning,full_beta_clean,clean,3,false,true,full protocol beta clean
C2,C2_AutoScanning,full_beta_clean,clean,3,false,true,full protocol beta clean
C3,C3_PolicyOnly,full_beta_clean,clean,3,false,true,full protocol beta clean
C4,C4_AgentsOnly,full_beta_clean,clean,3,false,true,full protocol beta clean
C5,C5_SecFlowOps,full_beta_clean,clean,3,false,true,full protocol beta clean
C0,C0_BuildOnly,full_beta_vulnerable_dependency,vulnerable_dependency,1,false,true,full protocol beta vulnerable_dependency
C1,C1_NonBlockingScanning,full_beta_vulnerable_dependency,vulnerable_dependency,1,false,true,full protocol beta vulnerable_dependency
C2,C2_AutoScanning,full_beta_vulnerable_dependency,vulnerable_dependency,1,false,true,full protocol beta vulnerable_dependency
C3,C3_PolicyOnly,full_beta_vulnerable_dependency,vulnerable_dependency,1,false,true,full protocol beta vulnerable_dependency
C4,C4_AgentsOnly,full_beta_vulnerable_dependency,vulnerable_dependency,1,false,true,full protocol beta vulnerable_dependency
C5,C5_SecFlowOps,full_beta_vulnerable_dependency,vulnerable_dependency,1,false,true,full protocol beta vulnerable_dependency
C0,C0_BuildOnly,full_beta_vulnerable_dependency,vulnerable_dependency,2,false,true,full protocol beta vulnerable_dependency
C1,C1_NonBlockingScanning,full_beta_vulnerable_dependency,vulnerable_dependency,2,false,true,full protocol beta vulnerable_dependency
C2,C2_AutoScanning,full_beta_vulnerable_dependency,vulnerable_dependency,2,false,true,full protocol beta vulnerable_dependency
C3,C3_PolicyOnly,full_beta_vulnerable_dependency,vulnerable_dependency,2,false,true,full protocol beta vulnerable_dependency
C4,C4_AgentsOnly,full_beta_vulnerable_dependency,vulnerable_dependency,2,false,true,full protocol beta vulnerable_dependency
C5,C5_SecFlowOps,full_beta_vulnerable_dependency,vulnerable_dependency,2,false,true,full protocol beta vulnerable_dependency
C0,C0_BuildOnly,full_beta_vulnerable_dependency,vulnerable_dependency,3,false,true,full protocol beta vulnerable_dependency
C1,C1_NonBlockingScanning,full_beta_vulnerable_dependency,vulnerable_dependency,3,false,true,full protocol beta vulnerable_dependency
C2,C2_AutoScanning,full_beta_vulnerable_dependency,vulnerable_dependency,3,false,true,full protocol beta vulnerable_dependency
C3,C3_PolicyOnly,full_beta_vulnerable_dependency,vulnerable_dependency,3,false,true,full protocol beta vulnerable_dependency
C4,C4_AgentsOnly,full_beta_vulnerable_dependency,vulnerable_dependency,3,false,true,full protocol beta vulnerable_dependency
C5,C5_SecFlowOps,full_beta_vulnerable_dependency,vulnerable_dependency,3,false,true,full protocol beta vulnerable_dependency
C0,C0_BuildOnly,full_beta_fake_secret,fake_secret,1,false,true,full protocol beta fake_secret
C1,C1_NonBlockingScanning,full_beta_fake_secret,fake_secret,1,false,true,full protocol beta fake_secret
C2,C2_AutoScanning,full_beta_fake_secret,fake_secret,1,false,true,full protocol beta fake_secret
C3,C3_PolicyOnly,full_beta_fake_secret,fake_secret,1,false,true,full protocol beta fake_secret
C4,C4_AgentsOnly,full_beta_fake_secret,fake_secret,1,false,true,full protocol beta fake_secret
C5,C5_SecFlowOps,full_beta_fake_secret,fake_secret,1,false,true,full protocol beta fake_secret
C0,C0_BuildOnly,full_beta_fake_secret,fake_secret,2,false,true,full protocol beta fake_secret
C1,C1_NonBlockingScanning,full_beta_fake_secret,fake_secret,2,false,true,full protocol beta fake_secret
C2,C2_AutoScanning,full_beta_fake_secret,fake_secret,2,false,true,full protocol beta fake_secret
C3,C3_PolicyOnly,full_beta_fake_secret,fake_secret,2,false,true,full protocol beta fake_secret
C4,C4_AgentsOnly,full_beta_fake_secret,fake_secret,2,false,true,full protocol beta fake_secret
C5,C5_SecFlowOps,full_beta_fake_secret,fake_secret,2,false,true,full protocol beta fake_secret
C0,C0_BuildOnly,full_beta_fake_secret,fake_secret,3,false,true,full protocol beta fake_secret
C1,C1_NonBlockingScanning,full_beta_fake_secret,fake_secret,3,false,true,full protocol beta fake_secret
C2,C2_AutoScanning,full_beta_fake_secret,fake_secret,3,false,true,full protocol beta fake_secret
C3,C3_PolicyOnly,full_beta_fake_secret,fake_secret,3,false,true,full protocol beta fake_secret
C4,C4_AgentsOnly,full_beta_fake_secret,fake_secret,3,false,true,full protocol beta fake_secret
C5,C5_SecFlowOps,full_beta_fake_secret,fake_secret,3,false,true,full protocol beta fake_secret
C0,C0_BuildOnly,full_beta_sast_reflected_xss,sast_reflected_xss,1,false,true,full protocol beta sast_reflected_xss
C1,C1_NonBlockingScanning,full_beta_sast_reflected_xss,sast_reflected_xss,1,false,true,full protocol beta sast_reflected_xss
C2,C2_AutoScanning,full_beta_sast_reflected_xss,sast_reflected_xss,1,false,true,full protocol beta sast_reflected_xss
C3,C3_PolicyOnly,full_beta_sast_reflected_xss,sast_reflected_xss,1,false,true,full protocol beta sast_reflected_xss
C4,C4_AgentsOnly,full_beta_sast_reflected_xss,sast_reflected_xss,1,false,true,full protocol beta sast_reflected_xss
C5,C5_SecFlowOps,full_beta_sast_reflected_xss,sast_reflected_xss,1,false,true,full protocol beta sast_reflected_xss
C0,C0_BuildOnly,full_beta_sast_reflected_xss,sast_reflected_xss,2,false,true,full protocol beta sast_reflected_xss
C1,C1_NonBlockingScanning,full_beta_sast_reflected_xss,sast_reflected_xss,2,false,true,full protocol beta sast_reflected_xss
C2,C2_AutoScanning,full_beta_sast_reflected_xss,sast_reflected_xss,2,false,true,full protocol beta sast_reflected_xss
C3,C3_PolicyOnly,full_beta_sast_reflected_xss,sast_reflected_xss,2,false,true,full protocol beta sast_reflected_xss
C4,C4_AgentsOnly,full_beta_sast_reflected_xss,sast_reflected_xss,2,false,true,full protocol beta sast_reflected_xss
C5,C5_SecFlowOps,full_beta_sast_reflected_xss,sast_reflected_xss,2,false,true,full protocol beta sast_reflected_xss
C0,C0_BuildOnly,full_beta_sast_reflected_xss,sast_reflected_xss,3,false,true,full protocol beta sast_reflected_xss
C1,C1_NonBlockingScanning,full_beta_sast_reflected_xss,sast_reflected_xss,3,false,true,full protocol beta sast_reflected_xss
C2,C2_AutoScanning,full_beta_sast_reflected_xss,sast_reflected_xss,3,false,true,full protocol beta sast_reflected_xss
C3,C3_PolicyOnly,full_beta_sast_reflected_xss,sast_reflected_xss,3,false,true,full protocol beta sast_reflected_xss
C4,C4_AgentsOnly,full_beta_sast_reflected_xss,sast_reflected_xss,3,false,true,full protocol beta sast_reflected_xss
C5,C5_SecFlowOps,full_beta_sast_reflected_xss,sast_reflected_xss,3,false,true,full protocol beta sast_reflected_xss
C0,C0_BuildOnly,full_beta_sast_sql_injection,sast_sql_injection,1,false,true,full protocol beta sast_sql_injection
C1,C1_NonBlockingScanning,full_beta_sast_sql_injection,sast_sql_injection,1,false,true,full protocol beta sast_sql_injection
C2,C2_AutoScanning,full_beta_sast_sql_injection,sast_sql_injection,1,false,true,full protocol beta sast_sql_injection
C3,C3_PolicyOnly,full_beta_sast_sql_injection,sast_sql_injection,1,false,true,full protocol beta sast_sql_injection
C4,C4_AgentsOnly,full_beta_sast_sql_injection,sast_sql_injection,1,false,true,full protocol beta sast_sql_injection
C5,C5_SecFlowOps,full_beta_sast_sql_injection,sast_sql_injection,1,false,true,full protocol beta sast_sql_injection
C0,C0_BuildOnly,full_beta_sast_sql_injection,sast_sql_injection,2,false,true,full protocol beta sast_sql_injection
C1,C1_NonBlockingScanning,full_beta_sast_sql_injection,sast_sql_injection,2,false,true,full protocol beta sast_sql_injection
C2,C2_AutoScanning,full_beta_sast_sql_injection,sast_sql_injection,2,false,true,full protocol beta sast_sql_injection
C3,C3_PolicyOnly,full_beta_sast_sql_injection,sast_sql_injection,2,false,true,full protocol beta sast_sql_injection
C4,C4_AgentsOnly,full_beta_sast_sql_injection,sast_sql_injection,2,false,true,full protocol beta sast_sql_injection
C5,C5_SecFlowOps,full_beta_sast_sql_injection,sast_sql_injection,2,false,true,full protocol beta sast_sql_injection
C0,C0_BuildOnly,full_beta_sast_sql_injection,sast_sql_injection,3,false,true,full protocol beta sast_sql_injection
C1,C1_NonBlockingScanning,full_beta_sast_sql_injection,sast_sql_injection,3,false,true,full protocol beta sast_sql_injection
C2,C2_AutoScanning,full_beta_sast_sql_injection,sast_sql_injection,3,false,true,full protocol beta sast_sql_injection
C3,C3_PolicyOnly,full_beta_sast_sql_injection,sast_sql_injection,3,false,true,full protocol beta sast_sql_injection
C4,C4_AgentsOnly,full_beta_sast_sql_injection,sast_sql_injection,3,false,true,full protocol beta sast_sql_injection
C5,C5_SecFlowOps,full_beta_sast_sql_injection,sast_sql_injection,3,false,true,full protocol beta sast_sql_injection
C0,C0_BuildOnly,full_beta_docker_misconfiguration,docker_misconfiguration,1,false,true,full protocol beta docker_misconfiguration
C1,C1_NonBlockingScanning,full_beta_docker_misconfiguration,docker_misconfiguration,1,false,true,full protocol beta docker_misconfiguration
C2,C2_AutoScanning,full_beta_docker_misconfiguration,docker_misconfiguration,1,false,true,full protocol beta docker_misconfiguration
C3,C3_PolicyOnly,full_beta_docker_misconfiguration,docker_misconfiguration,1,false,true,full protocol beta docker_misconfiguration
C4,C4_AgentsOnly,full_beta_docker_misconfiguration,docker_misconfiguration,1,false,true,full protocol beta docker_misconfiguration
C5,C5_SecFlowOps,full_beta_docker_misconfiguration,docker_misconfiguration,1,false,true,full protocol beta docker_misconfiguration
C0,C0_BuildOnly,full_beta_docker_misconfiguration,docker_misconfiguration,2,false,true,full protocol beta docker_misconfiguration
C1,C1_NonBlockingScanning,full_beta_docker_misconfiguration,docker_misconfiguration,2,false,true,full protocol beta docker_misconfiguration
C2,C2_AutoScanning,full_beta_docker_misconfiguration,docker_misconfiguration,2,false,true,full protocol beta docker_misconfiguration
C3,C3_PolicyOnly,full_beta_docker_misconfiguration,docker_misconfiguration,2,false,true,full protocol beta docker_misconfiguration
C4,C4_AgentsOnly,full_beta_docker_misconfiguration,docker_misconfiguration,2,false,true,full protocol beta docker_misconfiguration
C5,C5_SecFlowOps,full_beta_docker_misconfiguration,docker_misconfiguration,2,false,true,full protocol beta docker_misconfiguration
C0,C0_BuildOnly,full_beta_docker_misconfiguration,docker_misconfiguration,3,false,true,full protocol beta docker_misconfiguration
C1,C1_NonBlockingScanning,full_beta_docker_misconfiguration,docker_misconfiguration,3,false,true,full protocol beta docker_misconfiguration
C2,C2_AutoScanning,full_beta_docker_misconfiguration,docker_misconfiguration,3,false,true,full protocol beta docker_misconfiguration
C3,C3_PolicyOnly,full_beta_docker_misconfiguration,docker_misconfiguration,3,false,true,full protocol beta docker_misconfiguration
C4,C4_AgentsOnly,full_beta_docker_misconfiguration,docker_misconfiguration,3,false,true,full protocol beta docker_misconfiguration
C5,C5_SecFlowOps,full_beta_docker_misconfiguration,docker_misconfiguration,3,false,true,full protocol beta docker_misconfiguration
C0,C0_BuildOnly,full_beta_k8s_misconfiguration,k8s_misconfiguration,1,false,true,full protocol beta k8s_misconfiguration
C1,C1_NonBlockingScanning,full_beta_k8s_misconfiguration,k8s_misconfiguration,1,false,true,full protocol beta k8s_misconfiguration
C2,C2_AutoScanning,full_beta_k8s_misconfiguration,k8s_misconfiguration,1,false,true,full protocol beta k8s_misconfiguration
C3,C3_PolicyOnly,full_beta_k8s_misconfiguration,k8s_misconfiguration,1,false,true,full protocol beta k8s_misconfiguration
C4,C4_AgentsOnly,full_beta_k8s_misconfiguration,k8s_misconfiguration,1,false,true,full protocol beta k8s_misconfiguration
C5,C5_SecFlowOps,full_beta_k8s_misconfiguration,k8s_misconfiguration,1,false,true,full protocol beta k8s_misconfiguration
C0,C0_BuildOnly,full_beta_k8s_misconfiguration,k8s_misconfiguration,2,false,true,full protocol beta k8s_misconfiguration
C1,C1_NonBlockingScanning,full_beta_k8s_misconfiguration,k8s_misconfiguration,2,false,true,full protocol beta k8s_misconfiguration
C2,C2_AutoScanning,full_beta_k8s_misconfiguration,k8s_misconfiguration,2,false,true,full protocol beta k8s_misconfiguration
C3,C3_PolicyOnly,full_beta_k8s_misconfiguration,k8s_misconfiguration,2,false,true,full protocol beta k8s_misconfiguration
C4,C4_AgentsOnly,full_beta_k8s_misconfiguration,k8s_misconfiguration,2,false,true,full protocol beta k8s_misconfiguration
C5,C5_SecFlowOps,full_beta_k8s_misconfiguration,k8s_misconfiguration,2,false,true,full protocol beta k8s_misconfiguration
C0,C0_BuildOnly,full_beta_k8s_misconfiguration,k8s_misconfiguration,3,false,true,full protocol beta k8s_misconfiguration
C1,C1_NonBlockingScanning,full_beta_k8s_misconfiguration,k8s_misconfiguration,3,false,true,full protocol beta k8s_misconfiguration
C2,C2_AutoScanning,full_beta_k8s_misconfiguration,k8s_misconfiguration,3,false,true,full protocol beta k8s_misconfiguration
C3,C3_PolicyOnly,full_beta_k8s_misconfiguration,k8s_misconfiguration,3,false,true,full protocol beta k8s_misconfiguration
C4,C4_AgentsOnly,full_beta_k8s_misconfiguration,k8s_misconfiguration,3,false,true,full protocol beta k8s_misconfiguration
C5,C5_SecFlowOps,full_beta_k8s_misconfiguration,k8s_misconfiguration,3,false,true,full protocol beta k8s_misconfiguration
C0,C0_BuildOnly,full_beta_multi_layer,multi_layer,1,false,true,full protocol beta multi_layer
C1,C1_NonBlockingScanning,full_beta_multi_layer,multi_layer,1,false,true,full protocol beta multi_layer
C2,C2_AutoScanning,full_beta_multi_layer,multi_layer,1,false,true,full protocol beta multi_layer
C3,C3_PolicyOnly,full_beta_multi_layer,multi_layer,1,false,true,full protocol beta multi_layer
C4,C4_AgentsOnly,full_beta_multi_layer,multi_layer,1,false,true,full protocol beta multi_layer
C5,C5_SecFlowOps,full_beta_multi_layer,multi_layer,1,false,true,full protocol beta multi_layer
C0,C0_BuildOnly,full_beta_multi_layer,multi_layer,2,false,true,full protocol beta multi_layer
C1,C1_NonBlockingScanning,full_beta_multi_layer,multi_layer,2,false,true,full protocol beta multi_layer
C2,C2_AutoScanning,full_beta_multi_layer,multi_layer,2,false,true,full protocol beta multi_layer
C3,C3_PolicyOnly,full_beta_multi_layer,multi_layer,2,false,true,full protocol beta multi_layer
C4,C4_AgentsOnly,full_beta_multi_layer,multi_layer,2,false,true,full protocol beta multi_layer
C5,C5_SecFlowOps,full_beta_multi_layer,multi_layer,2,false,true,full protocol beta multi_layer
C0,C0_BuildOnly,full_beta_multi_layer,multi_layer,3,false,true,full protocol beta multi_layer
C1,C1_NonBlockingScanning,full_beta_multi_layer,multi_layer,3,false,true,full protocol beta multi_layer
C2,C2_AutoScanning,full_beta_multi_layer,multi_layer,3,false,true,full protocol beta multi_layer
C3,C3_PolicyOnly,full_beta_multi_layer,multi_layer,3,false,true,full protocol beta multi_layer
C4,C4_AgentsOnly,full_beta_multi_layer,multi_layer,3,false,true,full protocol beta multi_layer
C5,C5_SecFlowOps,full_beta_multi_layer,multi_layer,3,false,true,full protocol beta multi_layer
C0,C0_BuildOnly,full_gamma_clean,clean,1,false,true,full protocol gamma clean
C1,C1_NonBlockingScanning,full_gamma_clean,clean,1,false,true,full protocol gamma clean
C2,C2_AutoScanning,full_gamma_clean,clean,1,false,true,full protocol gamma clean
C3,C3_PolicyOnly,full_gamma_clean,clean,1,false,true,full protocol gamma clean
C4,C4_AgentsOnly,full_gamma_clean,clean,1,false,true,full protocol gamma clean
C5,C5_SecFlowOps,full_gamma_clean,clean,1,false,true,full protocol gamma clean
C0,C0_BuildOnly,full_gamma_clean,clean,2,false,true,full protocol gamma clean
C1,C1_NonBlockingScanning,full_gamma_clean,clean,2,false,true,full protocol gamma clean
C2,C2_AutoScanning,full_gamma_clean,clean,2,false,true,full protocol gamma clean
C3,C3_PolicyOnly,full_gamma_clean,clean,2,false,true,full protocol gamma clean
C4,C4_AgentsOnly,full_gamma_clean,clean,2,false,true,full protocol gamma clean
C5,C5_SecFlowOps,full_gamma_clean,clean,2,false,true,full protocol gamma clean
C0,C0_BuildOnly,full_gamma_clean,clean,3,false,true,full protocol gamma clean
C1,C1_NonBlockingScanning,full_gamma_clean,clean,3,false,true,full protocol gamma clean
C2,C2_AutoScanning,full_gamma_clean,clean,3,false,true,full protocol gamma clean
C3,C3_PolicyOnly,full_gamma_clean,clean,3,false,true,full protocol gamma clean
C4,C4_AgentsOnly,full_gamma_clean,clean,3,false,true,full protocol gamma clean
C5,C5_SecFlowOps,full_gamma_clean,clean,3,false,true,full protocol gamma clean
C0,C0_BuildOnly,full_gamma_vulnerable_dependency,vulnerable_dependency,1,false,true,full protocol gamma vulnerable_dependency
C1,C1_NonBlockingScanning,full_gamma_vulnerable_dependency,vulnerable_dependency,1,false,true,full protocol gamma vulnerable_dependency
C2,C2_AutoScanning,full_gamma_vulnerable_dependency,vulnerable_dependency,1,false,true,full protocol gamma vulnerable_dependency
C3,C3_PolicyOnly,full_gamma_vulnerable_dependency,vulnerable_dependency,1,false,true,full protocol gamma vulnerable_dependency
C4,C4_AgentsOnly,full_gamma_vulnerable_dependency,vulnerable_dependency,1,false,true,full protocol gamma vulnerable_dependency
C5,C5_SecFlowOps,full_gamma_vulnerable_dependency,vulnerable_dependency,1,false,true,full protocol gamma vulnerable_dependency
C0,C0_BuildOnly,full_gamma_vulnerable_dependency,vulnerable_dependency,2,false,true,full protocol gamma vulnerable_dependency
C1,C1_NonBlockingScanning,full_gamma_vulnerable_dependency,vulnerable_dependency,2,false,true,full protocol gamma vulnerable_dependency
C2,C2_AutoScanning,full_gamma_vulnerable_dependency,vulnerable_dependency,2,false,true,full protocol gamma vulnerable_dependency
C3,C3_PolicyOnly,full_gamma_vulnerable_dependency,vulnerable_dependency,2,false,true,full protocol gamma vulnerable_dependency
C4,C4_AgentsOnly,full_gamma_vulnerable_dependency,vulnerable_dependency,2,false,true,full protocol gamma vulnerable_dependency
C5,C5_SecFlowOps,full_gamma_vulnerable_dependency,vulnerable_dependency,2,false,true,full protocol gamma vulnerable_dependency
C0,C0_BuildOnly,full_gamma_vulnerable_dependency,vulnerable_dependency,3,false,true,full protocol gamma vulnerable_dependency
C1,C1_NonBlockingScanning,full_gamma_vulnerable_dependency,vulnerable_dependency,3,false,true,full protocol gamma vulnerable_dependency
C2,C2_AutoScanning,full_gamma_vulnerable_dependency,vulnerable_dependency,3,false,true,full protocol gamma vulnerable_dependency
C3,C3_PolicyOnly,full_gamma_vulnerable_dependency,vulnerable_dependency,3,false,true,full protocol gamma vulnerable_dependency
C4,C4_AgentsOnly,full_gamma_vulnerable_dependency,vulnerable_dependency,3,false,true,full protocol gamma vulnerable_dependency
C5,C5_SecFlowOps,full_gamma_vulnerable_dependency,vulnerable_dependency,3,false,true,full protocol gamma vulnerable_dependency
C0,C0_BuildOnly,full_gamma_fake_secret,fake_secret,1,false,true,full protocol gamma fake_secret
C1,C1_NonBlockingScanning,full_gamma_fake_secret,fake_secret,1,false,true,full protocol gamma fake_secret
C2,C2_AutoScanning,full_gamma_fake_secret,fake_secret,1,false,true,full protocol gamma fake_secret
C3,C3_PolicyOnly,full_gamma_fake_secret,fake_secret,1,false,true,full protocol gamma fake_secret
C4,C4_AgentsOnly,full_gamma_fake_secret,fake_secret,1,false,true,full protocol gamma fake_secret
C5,C5_SecFlowOps,full_gamma_fake_secret,fake_secret,1,false,true,full protocol gamma fake_secret
C0,C0_BuildOnly,full_gamma_fake_secret,fake_secret,2,false,true,full protocol gamma fake_secret
C1,C1_NonBlockingScanning,full_gamma_fake_secret,fake_secret,2,false,true,full protocol gamma fake_secret
C2,C2_AutoScanning,full_gamma_fake_secret,fake_secret,2,false,true,full protocol gamma fake_secret
C3,C3_PolicyOnly,full_gamma_fake_secret,fake_secret,2,false,true,full protocol gamma fake_secret
C4,C4_AgentsOnly,full_gamma_fake_secret,fake_secret,2,false,true,full protocol gamma fake_secret
C5,C5_SecFlowOps,full_gamma_fake_secret,fake_secret,2,false,true,full protocol gamma fake_secret
C0,C0_BuildOnly,full_gamma_fake_secret,fake_secret,3,false,true,full protocol gamma fake_secret
C1,C1_NonBlockingScanning,full_gamma_fake_secret,fake_secret,3,false,true,full protocol gamma fake_secret
C2,C2_AutoScanning,full_gamma_fake_secret,fake_secret,3,false,true,full protocol gamma fake_secret
C3,C3_PolicyOnly,full_gamma_fake_secret,fake_secret,3,false,true,full protocol gamma fake_secret
C4,C4_AgentsOnly,full_gamma_fake_secret,fake_secret,3,false,true,full protocol gamma fake_secret
C5,C5_SecFlowOps,full_gamma_fake_secret,fake_secret,3,false,true,full protocol gamma fake_secret
C0,C0_BuildOnly,full_gamma_sast_reflected_xss,sast_reflected_xss,1,false,true,full protocol gamma sast_reflected_xss
C1,C1_NonBlockingScanning,full_gamma_sast_reflected_xss,sast_reflected_xss,1,false,true,full protocol gamma sast_reflected_xss
C2,C2_AutoScanning,full_gamma_sast_reflected_xss,sast_reflected_xss,1,false,true,full protocol gamma sast_reflected_xss
C3,C3_PolicyOnly,full_gamma_sast_reflected_xss,sast_reflected_xss,1,false,true,full protocol gamma sast_reflected_xss
C4,C4_AgentsOnly,full_gamma_sast_reflected_xss,sast_reflected_xss,1,false,true,full protocol gamma sast_reflected_xss
C5,C5_SecFlowOps,full_gamma_sast_reflected_xss,sast_reflected_xss,1,false,true,full protocol gamma sast_reflected_xss
C0,C0_BuildOnly,full_gamma_sast_reflected_xss,sast_reflected_xss,2,false,true,full protocol gamma sast_reflected_xss
C1,C1_NonBlockingScanning,full_gamma_sast_reflected_xss,sast_reflected_xss,2,false,true,full protocol gamma sast_reflected_xss
C2,C2_AutoScanning,full_gamma_sast_reflected_xss,sast_reflected_xss,2,false,true,full protocol gamma sast_reflected_xss
C3,C3_PolicyOnly,full_gamma_sast_reflected_xss,sast_reflected_xss,2,false,true,full protocol gamma sast_reflected_xss
C4,C4_AgentsOnly,full_gamma_sast_reflected_xss,sast_reflected_xss,2,false,true,full protocol gamma sast_reflected_xss
C5,C5_SecFlowOps,full_gamma_sast_reflected_xss,sast_reflected_xss,2,false,true,full protocol gamma sast_reflected_xss
C0,C0_BuildOnly,full_gamma_sast_reflected_xss,sast_reflected_xss,3,false,true,full protocol gamma sast_reflected_xss
C1,C1_NonBlockingScanning,full_gamma_sast_reflected_xss,sast_reflected_xss,3,false,true,full protocol gamma sast_reflected_xss
C2,C2_AutoScanning,full_gamma_sast_reflected_xss,sast_reflected_xss,3,false,true,full protocol gamma sast_reflected_xss
C3,C3_PolicyOnly,full_gamma_sast_reflected_xss,sast_reflected_xss,3,false,true,full protocol gamma sast_reflected_xss
C4,C4_AgentsOnly,full_gamma_sast_reflected_xss,sast_reflected_xss,3,false,true,full protocol gamma sast_reflected_xss
C5,C5_SecFlowOps,full_gamma_sast_reflected_xss,sast_reflected_xss,3,false,true,full protocol gamma sast_reflected_xss
C0,C0_BuildOnly,full_gamma_sast_sql_injection,sast_sql_injection,1,false,true,full protocol gamma sast_sql_injection
C1,C1_NonBlockingScanning,full_gamma_sast_sql_injection,sast_sql_injection,1,false,true,full protocol gamma sast_sql_injection
C2,C2_AutoScanning,full_gamma_sast_sql_injection,sast_sql_injection,1,false,true,full protocol gamma sast_sql_injection
C3,C3_PolicyOnly,full_gamma_sast_sql_injection,sast_sql_injection,1,false,true,full protocol gamma sast_sql_injection
C4,C4_AgentsOnly,full_gamma_sast_sql_injection,sast_sql_injection,1,false,true,full protocol gamma sast_sql_injection
C5,C5_SecFlowOps,full_gamma_sast_sql_injection,sast_sql_injection,1,false,true,full protocol gamma sast_sql_injection
C0,C0_BuildOnly,full_gamma_sast_sql_injection,sast_sql_injection,2,false,true,full protocol gamma sast_sql_injection
C1,C1_NonBlockingScanning,full_gamma_sast_sql_injection,sast_sql_injection,2,false,true,full protocol gamma sast_sql_injection
C2,C2_AutoScanning,full_gamma_sast_sql_injection,sast_sql_injection,2,false,true,full protocol gamma sast_sql_injection
C3,C3_PolicyOnly,full_gamma_sast_sql_injection,sast_sql_injection,2,false,true,full protocol gamma sast_sql_injection
C4,C4_AgentsOnly,full_gamma_sast_sql_injection,sast_sql_injection,2,false,true,full protocol gamma sast_sql_injection
C5,C5_SecFlowOps,full_gamma_sast_sql_injection,sast_sql_injection,2,false,true,full protocol gamma sast_sql_injection
C0,C0_BuildOnly,full_gamma_sast_sql_injection,sast_sql_injection,3,false,true,full protocol gamma sast_sql_injection
C1,C1_NonBlockingScanning,full_gamma_sast_sql_injection,sast_sql_injection,3,false,true,full protocol gamma sast_sql_injection
C2,C2_AutoScanning,full_gamma_sast_sql_injection,sast_sql_injection,3,false,true,full protocol gamma sast_sql_injection
C3,C3_PolicyOnly,full_gamma_sast_sql_injection,sast_sql_injection,3,false,true,full protocol gamma sast_sql_injection
C4,C4_AgentsOnly,full_gamma_sast_sql_injection,sast_sql_injection,3,false,true,full protocol gamma sast_sql_injection
C5,C5_SecFlowOps,full_gamma_sast_sql_injection,sast_sql_injection,3,false,true,full protocol gamma sast_sql_injection
C0,C0_BuildOnly,full_gamma_docker_misconfiguration,docker_misconfiguration,1,false,true,full protocol gamma docker_misconfiguration
C1,C1_NonBlockingScanning,full_gamma_docker_misconfiguration,docker_misconfiguration,1,false,true,full protocol gamma docker_misconfiguration
C2,C2_AutoScanning,full_gamma_docker_misconfiguration,docker_misconfiguration,1,false,true,full protocol gamma docker_misconfiguration
C3,C3_PolicyOnly,full_gamma_docker_misconfiguration,docker_misconfiguration,1,false,true,full protocol gamma docker_misconfiguration
C4,C4_AgentsOnly,full_gamma_docker_misconfiguration,docker_misconfiguration,1,false,true,full protocol gamma docker_misconfiguration
C5,C5_SecFlowOps,full_gamma_docker_misconfiguration,docker_misconfiguration,1,false,true,full protocol gamma docker_misconfiguration
C0,C0_BuildOnly,full_gamma_docker_misconfiguration,docker_misconfiguration,2,false,true,full protocol gamma docker_misconfiguration
C1,C1_NonBlockingScanning,full_gamma_docker_misconfiguration,docker_misconfiguration,2,false,true,full protocol gamma docker_misconfiguration
C2,C2_AutoScanning,full_gamma_docker_misconfiguration,docker_misconfiguration,2,false,true,full protocol gamma docker_misconfiguration
C3,C3_PolicyOnly,full_gamma_docker_misconfiguration,docker_misconfiguration,2,false,true,full protocol gamma docker_misconfiguration
C4,C4_AgentsOnly,full_gamma_docker_misconfiguration,docker_misconfiguration,2,false,true,full protocol gamma docker_misconfiguration
C5,C5_SecFlowOps,full_gamma_docker_misconfiguration,docker_misconfiguration,2,false,true,full protocol gamma docker_misconfiguration
C0,C0_BuildOnly,full_gamma_docker_misconfiguration,docker_misconfiguration,3,false,true,full protocol gamma docker_misconfiguration
C1,C1_NonBlockingScanning,full_gamma_docker_misconfiguration,docker_misconfiguration,3,false,true,full protocol gamma docker_misconfiguration
C2,C2_AutoScanning,full_gamma_docker_misconfiguration,docker_misconfiguration,3,false,true,full protocol gamma docker_misconfiguration
C3,C3_PolicyOnly,full_gamma_docker_misconfiguration,docker_misconfiguration,3,false,true,full protocol gamma docker_misconfiguration
C4,C4_AgentsOnly,full_gamma_docker_misconfiguration,docker_misconfiguration,3,false,true,full protocol gamma docker_misconfiguration
C5,C5_SecFlowOps,full_gamma_docker_misconfiguration,docker_misconfiguration,3,false,true,full protocol gamma docker_misconfiguration
C0,C0_BuildOnly,full_gamma_k8s_misconfiguration,k8s_misconfiguration,1,false,true,full protocol gamma k8s_misconfiguration
C1,C1_NonBlockingScanning,full_gamma_k8s_misconfiguration,k8s_misconfiguration,1,false,true,full protocol gamma k8s_misconfiguration
C2,C2_AutoScanning,full_gamma_k8s_misconfiguration,k8s_misconfiguration,1,false,true,full protocol gamma k8s_misconfiguration
C3,C3_PolicyOnly,full_gamma_k8s_misconfiguration,k8s_misconfiguration,1,false,true,full protocol gamma k8s_misconfiguration
C4,C4_AgentsOnly,full_gamma_k8s_misconfiguration,k8s_misconfiguration,1,false,true,full protocol gamma k8s_misconfiguration
C5,C5_SecFlowOps,full_gamma_k8s_misconfiguration,k8s_misconfiguration,1,false,true,full protocol gamma k8s_misconfiguration
C0,C0_BuildOnly,full_gamma_k8s_misconfiguration,k8s_misconfiguration,2,false,true,full protocol gamma k8s_misconfiguration
C1,C1_NonBlockingScanning,full_gamma_k8s_misconfiguration,k8s_misconfiguration,2,false,true,full protocol gamma k8s_misconfiguration
C2,C2_AutoScanning,full_gamma_k8s_misconfiguration,k8s_misconfiguration,2,false,true,full protocol gamma k8s_misconfiguration
C3,C3_PolicyOnly,full_gamma_k8s_misconfiguration,k8s_misconfiguration,2,false,true,full protocol gamma k8s_misconfiguration
C4,C4_AgentsOnly,full_gamma_k8s_misconfiguration,k8s_misconfiguration,2,false,true,full protocol gamma k8s_misconfiguration
C5,C5_SecFlowOps,full_gamma_k8s_misconfiguration,k8s_misconfiguration,2,false,true,full protocol gamma k8s_misconfiguration
C0,C0_BuildOnly,full_gamma_k8s_misconfiguration,k8s_misconfiguration,3,false,true,full protocol gamma k8s_misconfiguration
C1,C1_NonBlockingScanning,full_gamma_k8s_misconfiguration,k8s_misconfiguration,3,false,true,full protocol gamma k8s_misconfiguration
C2,C2_AutoScanning,full_gamma_k8s_misconfiguration,k8s_misconfiguration,3,false,true,full protocol gamma k8s_misconfiguration
C3,C3_PolicyOnly,full_gamma_k8s_misconfiguration,k8s_misconfiguration,3,false,true,full protocol gamma k8s_misconfiguration
C4,C4_AgentsOnly,full_gamma_k8s_misconfiguration,k8s_misconfiguration,3,false,true,full protocol gamma k8s_misconfiguration
C5,C5_SecFlowOps,full_gamma_k8s_misconfiguration,k8s_misconfiguration,3,false,true,full protocol gamma k8s_misconfiguration
C0,C0_BuildOnly,full_gamma_multi_layer,multi_layer,1,false,true,full protocol gamma multi_layer
C1,C1_NonBlockingScanning,full_gamma_multi_layer,multi_layer,1,false,true,full protocol gamma multi_layer
C2,C2_AutoScanning,full_gamma_multi_layer,multi_layer,1,false,true,full protocol gamma multi_layer
C3,C3_PolicyOnly,full_gamma_multi_layer,multi_layer,1,false,true,full protocol gamma multi_layer
C4,C4_AgentsOnly,full_gamma_multi_layer,multi_layer,1,false,true,full protocol gamma multi_layer
C5,C5_SecFlowOps,full_gamma_multi_layer,multi_layer,1,false,true,full protocol gamma multi_layer
C0,C0_BuildOnly,full_gamma_multi_layer,multi_layer,2,false,true,full protocol gamma multi_layer
C1,C1_NonBlockingScanning,full_gamma_multi_layer,multi_layer,2,false,true,full protocol gamma multi_layer
C2,C2_AutoScanning,full_gamma_multi_layer,multi_layer,2,false,true,full protocol gamma multi_layer
C3,C3_PolicyOnly,full_gamma_multi_layer,multi_layer,2,false,true,full protocol gamma multi_layer
C4,C4_AgentsOnly,full_gamma_multi_layer,multi_layer,2,false,true,full protocol gamma multi_layer
C5,C5_SecFlowOps,full_gamma_multi_layer,multi_layer,2,false,true,full protocol gamma multi_layer
C0,C0_BuildOnly,full_gamma_multi_layer,multi_layer,3,false,true,full protocol gamma multi_layer
C1,C1_NonBlockingScanning,full_gamma_multi_layer,multi_layer,3,false,true,full protocol gamma multi_layer
C2,C2_AutoScanning,full_gamma_multi_layer,multi_layer,3,false,true,full protocol gamma multi_layer
C3,C3_PolicyOnly,full_gamma_multi_layer,multi_layer,3,false,true,full protocol gamma multi_layer
C4,C4_AgentsOnly,full_gamma_multi_layer,multi_layer,3,false,true,full protocol gamma multi_layer
C5,C5_SecFlowOps,full_gamma_multi_layer,multi_layer,3,false,true,full protocol gamma multi_layer
