repo_id,url,origin_type,stack,commit,branch,captured_at_utc,file_count,loc,ground_truth_status,notes
external_requests,https://github.com/psf/requests.git,external_oss_library,python;pip,f361ead047be5cb873174218582f7d8b9fcd9f49,main,2026-07-14T11:38:09.934312+00:00,130,19464,no_complete_external_ground_truth,Popular Python HTTP library; existing SecFlowOps external corpus member.
external_flask,https://github.com/pallets/flask.git,external_oss_framework,python;pip,36e4a824f340fdee7ed50937ba8e7f6bc7d17f81,main,2026-07-14T11:38:09.934312+00:00,236,36436,no_complete_external_ground_truth,Popular Python web framework; existing SecFlowOps external corpus member.
external_click,https://github.com/pallets/click.git,external_oss_library,python;pip,b67832c2167e5b0ff6764a8c04a0a9087e697b5a,main,2026-07-14T11:38:09.934312+00:00,163,38342,no_complete_external_ground_truth,Python command-line framework from the Pallets ecosystem.
external_itsdangerous,https://github.com/pallets/itsdangerous.git,external_oss_library,python;pip,672971d66a2ef9f85151e53283113f33d642dabd,main,2026-07-14T11:38:09.934312+00:00,50,4385,no_complete_external_ground_truth,Python signing helper from the Pallets ecosystem.
external_express,https://github.com/expressjs/express.git,external_oss_framework,javascript;npm,ae6dd37680e3a00618d6c8a3e522f0ee4eeba1a4,master,2026-07-14T11:38:09.934312+00:00,213,26700,no_complete_external_ground_truth,Popular Node.js web framework; existing SecFlowOps external corpus member.
external_body_parser,https://github.com/expressjs/body-parser.git,external_oss_middleware,javascript;npm,1784e9809befbde138b884c1eb005fce49facb75,master,2026-07-14T11:38:09.934312+00:00,25,5499,no_complete_external_ground_truth,Express middleware package.
external_morgan,https://github.com/expressjs/morgan.git,external_oss_middleware,javascript;npm,e0e6f17574db56396f8e60ebb03bb7aaaeb9cc6f,master,2026-07-14T11:38:09.934312+00:00,16,3560,no_complete_external_ground_truth,Express HTTP request logger middleware.
external_nodegoat,https://github.com/OWASP/NodeGoat.git,external_security_benchmark,javascript;npm;docker,c5cb68a7084e4ae7dcc60e6a98768720a81841e8,master,2026-07-14T11:38:09.934312+00:00,111,42046,no_complete_external_ground_truth,OWASP intentionally vulnerable Node.js benchmark; existing SecFlowOps external corpus member.
external_dvna,https://github.com/appsecco/dvna.git,external_security_benchmark,javascript;npm;docker,9ba473add536f66ac9007966acb2a775dd31277a,master,2026-07-14T11:38:09.934312+00:00,151,12278,no_complete_external_ground_truth,Damn Vulnerable NodeJS Application benchmark; existing SecFlowOps external corpus member.
external_gorilla_mux,https://github.com/gorilla/mux.git,external_oss_library,go,db9d1d0073d27a0a2d9a8c1bc52aa0af4374d265,main,2026-07-14T11:38:09.934312+00:00,27,8567,no_complete_external_ground_truth,Go HTTP router library.
external_gorilla_websocket,https://github.com/gorilla/websocket.git,external_oss_library,go,e064f32e3674d9d79a8fd417b5bc06fa5c6cad8f,main,2026-07-14T11:38:09.934312+00:00,49,8639,no_complete_external_ground_truth,Go WebSocket library.
